SQL> -- Annual salary of employee whose name is SMITH
SQL> SELECT ENAME, SAL*12 AS ANNUAL_SALARY
  2  FROM EMP
  3  WHERE ENAME = 'SMITH';

ENAME      ANNUAL_SALARY                                                        
---------- -------------                                                        
SMITH               9600                                                        

SQL> -- Names of employees working as CLERK
SQL> SELECT ENAME
  2  FROM EMP
  3  WHERE JOB = 'CLERK';

ENAME                                                                           
----------                                                                      
SMITH                                                                           
ADAMS                                                                           
JAMES                                                                           
MILLER                                                                          

SQL> -- Salary of employees working as SALESMAN
SQL> SELECT ENAME, SAL
  2  FROM EMP
  3  WHERE JOB = 'SALESMAN';

ENAME             SAL                                                           
---------- ----------                                                           
ALLEN            1600                                                           
WARD             1250                                                           
MARTIN           1250                                                           
TURNER           1500                                                           

SQL> -- Details of employees earning more than 2000
SQL> SELECT *
  2  FROM EMP
  3  WHERE SAL > 2000;

     EMPNO ENAME      JOB              MGR HIREDATE         SAL       COMM      
---------- ---------- --------- ---------- --------- ---------- ----------      
    DEPTNO                                                                      
----------                                                                      
      7566 JONES      MANAGER         7839 02-APR-81       2975                 
        20                                                                      
                                                                                
      7698 BLAKE      MANAGER         7839 01-MAY-81       2850                 
        30                                                                      
                                                                                
      7782 CLARK      MANAGER         7839 09-JUN-81       2450                 
        10                                                                      
                                                                                

     EMPNO ENAME      JOB              MGR HIREDATE         SAL       COMM      
---------- ---------- --------- ---------- --------- ---------- ----------      
    DEPTNO                                                                      
----------                                                                      
      7788 SCOTT      ANALYST         7566 19-APR-87       3000                 
        20                                                                      
                                                                                
      7839 KING       PRESIDENT            17-NOV-81       5000                 
        10                                                                      
                                                                                
      7902 FORD       ANALYST         7566 03-DEC-81       3000                 
        20                                                                      
                                                                                

6 rows selected.

SQL> -- Details of employee whose name is JONES
SQL> SELECT *
  2  FROM EMP
  3  WHERE ENAME = 'JONES';

     EMPNO ENAME      JOB              MGR HIREDATE         SAL       COMM      
---------- ---------- --------- ---------- --------- ---------- ----------      
    DEPTNO                                                                      
----------                                                                      
      7566 JONES      MANAGER         7839 02-APR-81       2975                 
        20                                                                      
                                                                                

SQL> -- Details of employees hired after 01-JAN-81
SQL> SELECT *
  2  FROM EMP
  3  WHERE HIREDATE > TO_DATE('01-01-1981','DD-MM-YYYY');

     EMPNO ENAME      JOB              MGR HIREDATE         SAL       COMM      
---------- ---------- --------- ---------- --------- ---------- ----------      
    DEPTNO                                                                      
----------                                                                      
      7499 ALLEN      SALESMAN        7698 20-FEB-81       1600        300      
        30                                                                      
                                                                                
      7521 WARD       SALESMAN        7698 22-FEB-81       1250        500      
        30                                                                      
                                                                                
      7566 JONES      MANAGER         7839 02-APR-81       2975                 
        20                                                                      
                                                                                

     EMPNO ENAME      JOB              MGR HIREDATE         SAL       COMM      
---------- ---------- --------- ---------- --------- ---------- ----------      
    DEPTNO                                                                      
----------                                                                      
      7654 MARTIN     SALESMAN        7698 28-SEP-81       1250       1400      
        30                                                                      
                                                                                
      7698 BLAKE      MANAGER         7839 01-MAY-81       2850                 
        30                                                                      
                                                                                
      7782 CLARK      MANAGER         7839 09-JUN-81       2450                 
        10                                                                      
                                                                                

     EMPNO ENAME      JOB              MGR HIREDATE         SAL       COMM      
---------- ---------- --------- ---------- --------- ---------- ----------      
    DEPTNO                                                                      
----------                                                                      
      7788 SCOTT      ANALYST         7566 19-APR-87       3000                 
        20                                                                      
                                                                                
      7839 KING       PRESIDENT            17-NOV-81       5000                 
        10                                                                      
                                                                                
      7844 TURNER     SALESMAN        7698 08-SEP-81       1500          0      
        30                                                                      
                                                                                

     EMPNO ENAME      JOB              MGR HIREDATE         SAL       COMM      
---------- ---------- --------- ---------- --------- ---------- ----------      
    DEPTNO                                                                      
----------                                                                      
      7876 ADAMS      CLERK           7788 23-MAY-87       1100                 
        20                                                                      
                                                                                
      7900 JAMES      CLERK           7698 03-DEC-81        950                 
        30                                                                      
                                                                                
      7902 FORD       ANALYST         7566 03-DEC-81       3000                 
        20                                                                      
                                                                                

     EMPNO ENAME      JOB              MGR HIREDATE         SAL       COMM      
---------- ---------- --------- ---------- --------- ---------- ----------      
    DEPTNO                                                                      
----------                                                                      
      7934 MILLER     CLERK           7782 23-JAN-82       1300                 
        10                                                                      
                                                                                

13 rows selected.

SQL> -- Name, salary and annual salary if annual salary > 12000
SQL> SELECT ENAME, SAL, SAL*12 AS ANNUAL_SALARY
  2  FROM EMP
  3  WHERE SAL*12 > 12000;

ENAME             SAL ANNUAL_SALARY                                             
---------- ---------- -------------                                             
ALLEN            1600         19200                                             
WARD             1250         15000                                             
JONES            2975         35700                                             
MARTIN           1250         15000                                             
BLAKE            2850         34200                                             
CLARK            2450         29400                                             
SCOTT            3000         36000                                             
KING             5000         60000                                             
TURNER           1500         18000                                             
ADAMS            1100         13200                                             
FORD             3000         36000                                             

ENAME             SAL ANNUAL_SALARY                                             
---------- ---------- -------------                                             
MILLER           1300         15600                                             

12 rows selected.

SQL> -- EMPNO of employees working in department 30
SQL> SELECT EMPNO
  2  FROM EMP
  3  WHERE DEPTNO = 30;

     EMPNO                                                                      
----------                                                                      
      7499                                                                      
      7521                                                                      
      7654                                                                      
      7698                                                                      
      7844                                                                      
      7900                                                                      

6 rows selected.

SQL> -- Name and hiredate of employees hired before 1981
SQL> SELECT ENAME, HIREDATE
  2  FROM EMP
  3  WHERE HIREDATE < TO_DATE('01-01-1981','DD-MM-YYYY');

ENAME      HIREDATE                                                             
---------- ---------                                                            
SMITH      17-DEC-80                                                            

SQL> -- Details of employees working as MANAGER
SQL> SELECT *
  2  FROM EMP
  3  WHERE JOB = 'MANAGER';

     EMPNO ENAME      JOB              MGR HIREDATE         SAL       COMM      
---------- ---------- --------- ---------- --------- ---------- ----------      
    DEPTNO                                                                      
----------                                                                      
      7566 JONES      MANAGER         7839 02-APR-81       2975                 
        20                                                                      
                                                                                
      7698 BLAKE      MANAGER         7839 01-MAY-81       2850                 
        30                                                                      
                                                                                
      7782 CLARK      MANAGER         7839 09-JUN-81       2450                 
        10                                                                      
                                                                                

SQL> -- Name and salary of employees earning commission = 1400
SQL> SELECT ENAME, SAL
  2  FROM EMP
  3  WHERE COMM = 1400;

ENAME             SAL                                                           
---------- ----------                                                           
MARTIN           1250                                                           

SQL> -- Details of employees having commission more than salary
SQL> SELECT *
  2  FROM EMP
  3  WHERE COMM > SAL;

     EMPNO ENAME      JOB              MGR HIREDATE         SAL       COMM      
---------- ---------- --------- ---------- --------- ---------- ----------      
    DEPTNO                                                                      
----------                                                                      
      7654 MARTIN     SALESMAN        7698 28-SEP-81       1250       1400      
        30                                                                      
                                                                                

SQL> -- EMPNO of employees hired before year 1987
SQL> SELECT EMPNO
  2  FROM EMP
  3  WHERE HIREDATE < TO_DATE('01-01-1987','DD-MM-YYYY');

     EMPNO                                                                      
----------                                                                      
      7369                                                                      
      7499                                                                      
      7521                                                                      
      7566                                                                      
      7654                                                                      
      7698                                                                      
      7782                                                                      
      7839                                                                      
      7844                                                                      
      7900                                                                      
      7902                                                                      

     EMPNO                                                                      
----------                                                                      
      7934                                                                      

12 rows selected.

SQL> -- Details of employees working as ANALYST
SQL> SELECT *
  2  FROM EMP
  3  WHERE JOB = 'ANALYST';

     EMPNO ENAME      JOB              MGR HIREDATE         SAL       COMM      
---------- ---------- --------- ---------- --------- ---------- ----------      
    DEPTNO                                                                      
----------                                                                      
      7788 SCOTT      ANALYST         7566 19-APR-87       3000                 
        20                                                                      
                                                                                
      7902 FORD       ANALYST         7566 03-DEC-81       3000                 
        20                                                                      
                                                                                

SQL> -- Details of employees earning more than 2000 per month
SQL> SELECT *
  2  FROM EMP
  3  WHERE SAL > 2000;

     EMPNO ENAME      JOB              MGR HIREDATE         SAL       COMM      
---------- ---------- --------- ---------- --------- ---------- ----------      
    DEPTNO                                                                      
----------                                                                      
      7566 JONES      MANAGER         7839 02-APR-81       2975                 
        20                                                                      
                                                                                
      7698 BLAKE      MANAGER         7839 01-MAY-81       2850                 
        30                                                                      
                                                                                
      7782 CLARK      MANAGER         7839 09-JUN-81       2450                 
        10                                                                      
                                                                                

     EMPNO ENAME      JOB              MGR HIREDATE         SAL       COMM      
---------- ---------- --------- ---------- --------- ---------- ----------      
    DEPTNO                                                                      
----------                                                                      
      7788 SCOTT      ANALYST         7566 19-APR-87       3000                 
        20                                                                      
                                                                                
      7839 KING       PRESIDENT            17-NOV-81       5000                 
        10                                                                      
                                                                                
      7902 FORD       ANALYST         7566 03-DEC-81       3000                 
        20                                                                      
                                                                                

6 rows selected.

SQL> SPOOL OFF
